,variant,experiment,start_date,end_date,strategy_cagr,strategy_annualised_volatility,strategy_sharpe_ratio,strategy_sortino_ratio,strategy_max_drawdown,strategy_number_of_trades,strategy_total_transaction_costs,strategy_average_nifty_weight,buy_and_hold_cagr,buy_and_hold_sharpe_ratio,buy_and_hold_max_drawdown,fixed_75_cagr,fixed_75_sharpe_ratio,fixed_75_max_drawdown,cagr_vs_buy_and_hold,sharpe_vs_buy_and_hold,max_drawdown_vs_buy_and_hold,sharpe_vs_fixed,is_base
0,70%,high_threshold,2016-01-14,2025-12-31,0.10673495514868847,0.09989549978587813,0.4939478353711117,0.6892905694259375,-0.15032706127663376,119,5451.087115700202,0.771325543096908,0.13279498688481906,0.5009231114790774,-0.38439852452742074,0.11593584984944005,0.48840094804531997,-0.30364150302770787,-0.026060031736130584,-0.006975276107965722,0.23407146325078698,0.005546887325791727,False
1,75%,high_threshold,2016-01-14,2025-12-31,0.11091666347735663,0.10116381308411976,0.5273652230705816,0.7390711630778263,-0.1503270612766341,118,5556.9062913780235,0.779694525383129,0.13279498688481906,0.5009231114790774,-0.38439852452742074,0.11593584984944005,0.48840094804531997,-0.30364150302770787,-0.02187832340746243,0.026442111591504225,0.23407146325078665,0.038964275025261674,True
2,80%,high_threshold,2016-01-14,2025-12-31,0.10805601800141873,0.10340899177356122,0.4924543660063101,0.6863136820410601,-0.14604222270987166,113,5359.913171045256,0.7901992216820686,0.13279498688481906,0.5009231114790774,-0.38439852452742074,0.11593584984944005,0.48840094804531997,-0.30364150302770787,-0.024738968883400325,-0.008468745472767325,0.23835630181754908,0.004053417960990124,False
3,90%,high_threshold,2016-01-14,2025-12-31,0.11178537454423942,0.10802218624192,0.507998872212518,0.7089406460680475,-0.14604222270987155,96,4621.708902707114,0.8132460337709044,0.13279498688481906,0.5009231114790774,-0.38439852452742074,0.11593584984944005,0.48840094804531997,-0.30364150302770787,-0.02100961234057963,0.007075760733440628,0.2383563018175492,0.019597924167198078,False
4,90%,extreme_threshold,2016-01-14,2025-12-31,0.10112503186679866,0.0992913735058159,0.44368494411336695,0.6192487594125373,-0.15032706127663376,131,5831.952182567361,0.7702480081167206,0.13279498688481906,0.5009231114790774,-0.38439852452742074,0.11593584984944005,0.48840094804531997,-0.30364150302770787,-0.03166995501802039,-0.05723816736571047,0.23407146325078698,-0.04471600393195302,False
5,95%,extreme_threshold,2016-01-14,2025-12-31,0.11091666347735663,0.10116381308411976,0.5273652230705816,0.7390711630778263,-0.1503270612766341,118,5556.9062913780235,0.779694525383129,0.13279498688481906,0.5009231114790774,-0.38439852452742074,0.11593584984944005,0.48840094804531997,-0.30364150302770787,-0.02187832340746243,0.026442111591504225,0.23407146325078665,0.038964275025261674,True
6,98%,extreme_threshold,2016-01-14,2025-12-31,0.11132461538677152,0.10305375636245265,0.5231623606552122,0.7305554980677612,-0.16663683755723657,115,5401.941807207982,0.787280946603597,0.13279498688481906,0.5009231114790774,-0.38439852452742074,0.11593584984944005,0.48840094804531997,-0.30364150302770787,-0.021470371498047536,0.022239249176134734,0.21776168697018417,0.034761412609892184,False
7,10%,low_threshold,2016-01-14,2025-12-31,0.11318194279315397,0.09592193715151164,0.5726675452379208,0.8078940865856773,-0.15136852394062372,90,4045.092932682763,0.7317337144386366,0.13279498688481906,0.5009231114790774,-0.38439852452742074,0.11593584984944005,0.48840094804531997,-0.30364150302770787,-0.01961304409166509,0.07174443375884343,0.23303000058679701,0.08426659719260088,False
8,25%,low_threshold,2016-01-14,2025-12-31,0.11091666347735663,0.10116381308411976,0.5273652230705816,0.7390711630778263,-0.1503270612766341,118,5556.9062913780235,0.779694525383129,0.13279498688481906,0.5009231114790774,-0.38439852452742074,0.11593584984944005,0.48840094804531997,-0.30364150302770787,-0.02187832340746243,0.026442111591504225,0.23407146325078665,0.038964275025261674,True
9,40%,low_threshold,2016-01-14,2025-12-31,0.1160199902352208,0.10697896944459673,0.5484165227933553,0.775648699571266,-0.17320515678405024,109,5437.3156202155715,0.8196878139887815,0.13279498688481906,0.5009231114790774,-0.38439852452742074,0.11593584984944005,0.48840094804531997,-0.30364150302770787,-0.01677499664959825,0.04749341131427787,0.2111933677433705,0.060015574748035316,False
10,100/90/80/70 (mild),allocation,2016-01-14,2025-12-31,0.1261652554388215,0.1351984857161374,0.528211403551977,0.7319911173002199,-0.2919093399448901,117,2443.4970794659603,0.9125819604322931,0.13279498688481906,0.5009231114790774,-0.38439852452742074,0.11593584984944005,0.48840094804531997,-0.30364150302770787,-0.006629731445997544,0.027288292072899623,0.09248918458253064,0.03981045550665707,False
11,100/100/75/50 (aggressive),allocation,2016-01-14,2025-12-31,0.12930890902861547,0.13069999309577385,0.5636694516382172,0.7907442165991437,-0.24614020056127706,50,2391.3954314530015,0.93436212429546,0.13279498688481906,0.5009231114790774,-0.38439852452742074,0.11593584984944005,0.48840094804531997,-0.30364150302770787,-0.0034860778562035843,0.06274634015913982,0.13825832396614368,0.07526850359289727,False
12,100/75/50/25 (base),allocation,2016-01-14,2025-12-31,0.11091666347735663,0.10116381308411976,0.5273652230705816,0.7390711630778263,-0.1503270612766341,118,5556.9062913780235,0.779694525383129,0.13279498688481906,0.5009231114790774,-0.38439852452742074,0.11593584984944005,0.48840094804531997,-0.30364150302770787,-0.02187832340746243,0.026442111591504225,0.23407146325078665,0.038964275025261674,True
13,100/50/25/0 (defensive),allocation,2016-01-14,2025-12-31,0.09052488628434308,0.07858145909189473,0.4106554147267573,0.5700876232230662,-0.13754877020468603,115,8007.449424623403,0.6238531510895432,0.13279498688481906,0.5009231114790774,-0.38439852452742074,0.11593584984944005,0.48840094804531997,-0.30364150302770787,-0.04227010060047598,-0.0902676967523201,0.2468497543227347,-0.07774553331856265,False
14,expanding,percentile_window,2016-01-14,2025-12-31,0.11091666347735663,0.10116381308411976,0.5273652230705816,0.7390711630778263,-0.1503270612766341,118,5556.9062913780235,0.779694525383129,0.13279498688481906,0.5009231114790774,-0.38439852452742074,0.11593584984944005,0.48840094804531997,-0.30364150302770787,-0.02187832340746243,0.026442111591504225,0.23407146325078665,0.038964275025261674,True
15,rolling 252d,percentile_window,2016-01-14,2025-12-31,0.11135376205204395,0.10626324491785565,0.5107123144244055,0.7128239895344152,-0.1890757798299828,123,6095.149085074994,0.7742743597137277,0.13279498688481906,0.5009231114790774,-0.38439852452742074,0.11593584984944005,0.48840094804531997,-0.30364150302770787,-0.021441224832775108,0.009789202945328035,0.19532274469743793,0.022311366379085484,False
16,rolling 504d,percentile_window,2016-01-14,2025-12-31,0.11046981974283399,0.10357462700844242,0.5134159812668242,0.715024821445358,-0.15505198156683875,114,5367.707415114952,0.7751094318909452,0.13279498688481906,0.5009231114790774,-0.38439852452742074,0.11593584984944005,0.48840094804531997,-0.30364150302770787,-0.02232516714198507,0.012492869787746774,0.229346542960582,0.025015033221504224,False
17,rolling 756d,percentile_window,2016-01-14,2025-12-31,0.11066608636811681,0.10259634273886822,0.519099380916545,0.7246697704727606,-0.15981415194267046,118,5436.106806067564,0.7850673090436272,0.13279498688481906,0.5009231114790774,-0.38439852452742074,0.11593584984944005,0.48840094804531997,-0.30364150302770787,-0.022128900516702243,0.01817626943746753,0.22458437258475028,0.03069843287122498,False
18,rolling 1008d,percentile_window,2016-01-14,2025-12-31,0.10816027372716008,0.10266084260736073,0.4962168117310608,0.6914124306704077,-0.15032706127663398,113,5148.333941628951,0.7889983148452241,0.13279498688481906,0.5009231114790774,-0.38439852452742074,0.11593584984944005,0.48840094804531997,-0.30364150302770787,-0.024634713157658972,-0.004706299748016618,0.23407146325078676,0.007815863685740831,False
19,daily,rebalance_frequency,2016-01-14,2025-12-31,0.10752096008262257,0.09910835225119338,0.504357595304008,0.7068976449053765,-0.1458695856100788,246,10406.582532340533,0.7726827354450191,0.13279498688481906,0.5009231114790774,-0.38439852452742074,0.11768393017516621,0.5054001066843442,-0.29361897312509644,-0.02527402680219648,0.003434483824930612,0.23852893891734195,-0.0010425113803361752,False
20,weekly,rebalance_frequency,2016-01-14,2025-12-31,0.11091666347735663,0.10116381308411976,0.5273652230705816,0.7390711630778263,-0.1503270612766341,118,5556.9062913780235,0.779694525383129,0.13279498688481906,0.5009231114790774,-0.38439852452742074,0.11593584984944005,0.48840094804531997,-0.30364150302770787,-0.02187832340746243,0.026442111591504225,0.23407146325078665,0.038964275025261674,True
21,monthly,rebalance_frequency,2016-01-14,2025-12-31,0.11147562800073052,0.10049003842725952,0.5354452304141373,0.7556703714033814,-0.14561629200639858,47,2216.7286191919575,0.7676484092944424,0.13279498688481906,0.5009231114790774,-0.38439852452742074,0.1161734397912344,0.49072669421919196,-0.30364150302770787,-0.021319358884088535,0.03452211893505985,0.23878223252102215,0.04471853619494531,False
22,0 pts,drift_tolerance,2016-01-14,2025-12-31,0.10946314051961648,0.10097345898197936,0.5148273996340564,0.7203679344087901,-0.15718334337639228,359,5644.514584061221,0.7775631238439982,0.13279498688481906,0.5009231114790774,-0.38439852452742074,0.11690343563658168,0.5015640584934667,-0.2989157036577256,-0.02333184636520258,0.013904288154979016,0.22721518115102846,0.01326334114058969,False
23,2 pts,drift_tolerance,2016-01-14,2025-12-31,0.10949378179340541,0.10101349091997655,0.5149472409845001,0.7207846109994651,-0.1556062776115692,122,5515.7580747565735,0.7779863696605611,0.13279498688481906,0.5009231114790774,-0.38439852452742074,0.11727980007643035,0.504055212051891,-0.2980695850859595,-0.023301205091413646,0.014024129505422644,0.22879224691585154,0.010892028932609099,False
24,5 pts,drift_tolerance,2016-01-14,2025-12-31,0.11091666347735663,0.10116381308411976,0.5273652230705816,0.7390711630778263,-0.1503270612766341,118,5556.9062913780235,0.779694525383129,0.13279498688481906,0.5009231114790774,-0.38439852452742074,0.11593584984944005,0.48840094804531997,-0.30364150302770787,-0.02187832340746243,0.026442111591504225,0.23407146325078665,0.038964275025261674,True
25,10 pts,drift_tolerance,2016-01-14,2025-12-31,0.10892443216643,0.10057843919337267,0.5114986210784104,0.7154853038223057,-0.15027190326525908,115,5460.617423737316,0.7783332742222793,0.13279498688481906,0.5009231114790774,-0.38439852452742074,0.11796051977147526,0.4965541779224753,-0.30364150302770787,-0.02387055471838906,0.010575509599332955,0.23412662126216166,0.014944443155935072,False
26,20 pts,drift_tolerance,2016-01-14,2025-12-31,0.10892443216643,0.10057843919337267,0.5114986210784104,0.7154853038223057,-0.15027190326525908,115,5460.617423737316,0.7783332742222793,0.13279498688481906,0.5009231114790774,-0.38439852452742074,0.11824227080305727,0.49352938260082196,-0.30364150302770787,-0.02387055471838906,0.010575509599332955,0.23412662126216166,0.017969238477588412,False
27,0.00%,transaction_cost,2016-01-14,2025-12-31,0.11426899925407508,0.10115803754295709,0.558082549746435,0.7834120352579181,-0.14944919207245666,118,0.0,0.779694525383129,0.1329086355175344,0.5015571588754718,-0.38439852452742096,0.11603132393595605,0.4891116329671203,-0.3036415030277081,-0.018639636263459325,0.0565253908709632,0.2349493324549643,0.06897091677931472,False
28,0.05%,transaction_cost,2016-01-14,2025-12-31,0.1125915581052459,0.10115992975189057,0.5427270722541012,0.7612273024963725,-0.1498881931606436,118,2803.3564789055163,0.779694525383129,0.13285179557703164,0.5012402188937152,-0.38439852452742074,0.11598358023186295,0.4887564209336784,-0.3036415030277083,-0.020260237471785736,0.041486853360386045,0.23451033136677712,0.053970651320422836,False
29,0.10%,transaction_cost,2016-01-14,2025-12-31,0.11091666347735663,0.10116381308411976,0.5273652230705816,0.7390711630778263,-0.1503270612766341,118,5556.9062913780235,0.779694525383129,0.13279498688481906,0.5009231114790774,-0.38439852452742074,0.11593584984944005,0.48840094804531997,-0.30364150302770787,-0.02187832340746243,0.026442111591504225,0.23407146325078665,0.038964275025261674,True
30,0.20%,transaction_cost,2016-01-14,2025-12-31,0.1075744923793549,0.10117754802118585,0.496626014266808,0.694849359435166,-0.15120439929649832,118,10917.81211926366,0.779694525383129,0.13268146311422058,0.500288401947332,-0.38439852452742074,0.11584042897551683,0.4876892266600014,-0.3036415030277082,-0.025106970734865675,-0.003662387680524015,0.23319412523092242,0.008936787606806607,False
31,0.50%,transaction_cost,2016-01-14,2025-12-31,0.09760854171137923,0.10126638815829352,0.4043491184491225,0.5629714461296195,-0.15383324028997725,118,25886.795017554723,0.779694525383129,0.13234163836327184,0.4983804516026595,-0.38439852452742096,0.11555448414904879,0.48554798243852776,-0.3036415030277083,-0.034733096651892614,-0.09403133315353696,0.2305652842374437,-0.08119886398940523,False
32,0%,cash_rate,2016-01-14,2025-12-31,0.09660431850010176,0.10127006713029944,0.9878256542478254,1.4158096370991333,-0.15456838628330405,118,5123.081559855053,0.7801244521321471,0.13279498688481906,0.8691732415619546,-0.38439852452742074,0.10314868824584389,0.8813231329970626,-0.30230681154965733,-0.036190668384717295,0.11865241268587079,0.2298301382441167,0.10650252125076287,False
33,4%,cash_rate,2016-01-14,2025-12-31,0.10625891678842381,0.10119336693709445,0.6784170447492431,0.9577634412015084,-0.15171648627248557,118,5411.805444295726,0.779803680065967,0.13279498688481906,0.6212925055248448,-0.38439852452742074,0.11270241444280105,0.6291366742538704,-0.29680470360915245,-0.026536070096395248,0.05712453922439831,0.23268203825493516,0.049280370495372705,False
34,6%,cash_rate,2016-01-14,2025-12-31,0.11091666347735663,0.10116381308411976,0.5273652230705816,0.7390711630778263,-0.1503270612766341,118,5556.9062913780235,0.779694525383129,0.13279498688481906,0.5009231114790774,-0.38439852452742074,0.11593584984944005,0.48840094804531997,-0.30364150302770787,-0.02187832340746243,0.026442111591504225,0.23407146325078665,0.038964275025261674,True
35,8%,cash_rate,2016-01-14,2025-12-31,0.1155590604118184,0.10114249625313312,0.37951859765460916,0.5280905331256508,-0.1489608335426169,118,5706.853039061704,0.7796020354942143,0.13279498688481906,0.3828250995688588,-0.38439852452742074,0.12265346064996785,0.3828969184901588,-0.2979955716136363,-0.01723592647300065,-0.0033065019142496377,0.23543769098480383,-0.0033783208355496197,False
36,close,execution_price,2016-01-14,2025-12-31,0.11091666347735663,0.10116381308411976,0.5273652230705816,0.7390711630778263,-0.1503270612766341,118,5556.9062913780235,0.779694525383129,0.13279498688481906,0.5009231114790774,-0.38439852452742074,0.11593584984944005,0.48840094804531997,-0.30364150302770787,-0.02187832340746243,0.026442111591504225,0.23407146325078665,0.038964275025261674,True
37,open,execution_price,2016-01-14,2025-12-31,0.11009291287848422,0.10103805202534691,0.5203273124911842,0.7264043966511855,-0.14616260338939946,117,5530.009927886155,0.7796125246936302,0.13384728851419103,0.5067402902018248,-0.38439852452742174,0.11843600894043238,0.5115493136293869,-0.2940307083209761,-0.023754375635706815,0.013587022289359485,0.23823592113802228,0.00877799886179731,False
38,2016,start_year,2016-01-14,2025-12-31,0.11091666347735663,0.10116381308411976,0.5273652230705816,0.7390711630778263,-0.1503270612766341,118,5556.9062913780235,0.779694525383129,0.13279498688481906,0.5009231114790774,-0.38439852452742074,0.11593584984944005,0.48840094804531997,-0.30364150302770787,-0.02187832340746243,0.026442111591504225,0.23407146325078665,0.038964275025261674,False
39,2017,start_year,2017-01-02,2025-12-31,0.11630191206529639,0.09921104145404619,0.5856041152649067,0.81970906202631,-0.15032706127663387,105,4907.735900263041,0.7735603035584193,0.13771958474376955,0.5251991270075397,-0.38439852452742107,0.12160684457263149,0.525234999007627,-0.3020381882235885,-0.021417672678473165,0.060404988257367065,0.2340714632507872,0.0603691162572797,False
40,2018,start_year,2018-01-02,2025-12-31,0.10075438361792743,0.10085805606298479,0.4351527765548487,0.6045817811306528,-0.15032706127663353,98,3812.5603301042465,0.7514636296731595,0.12143059434995473,0.42450312144850466,-0.38439852452742085,0.10900431735572136,0.4277684178222701,-0.29638534721132803,-0.0206762107320273,0.010649655106344025,0.23407146325078731,0.007384358732578589,False
41,2019,start_year,2019-01-02,2025-12-31,0.10449618613069611,0.10245070666186763,0.46414397230119825,0.6446349735724038,-0.1503270612766341,83,3159.598314721331,0.7483623274842811,0.13457756592864234,0.48508614122035765,-0.38439852452742085,0.1221493513814218,0.5073060169191863,-0.2910916839257591,-0.03008137979794623,-0.0209421689191594,0.23407146325078676,-0.04316204461798806,False
42,2020,start_year,2020-01-02,2025-12-31,0.10715114822331007,0.10326410688109172,0.48428266277235893,0.6639564526449668,-0.15032706127663398,71,2626.5674971443027,0.7545768902948294,0.13398626561763471,0.47234166795452837,-0.38439852452742085,0.11987097198415997,0.4840934535227803,-0.29443254748549663,-0.026835117394324648,0.011940994817830564,0.23407146325078687,0.00018920924957860352,False
43,2021,start_year,2021-01-04,2025-12-31,0.10357634180966224,0.10265235430390264,0.45513037100584236,0.6313342854434593,-0.14604222270987166,61,2108.0086196940333,0.8088779433640342,0.1308832935909312,0.5427608381697709,-0.17229756084670045,0.11452396724977354,0.5327664615986369,-0.12769900310300752,-0.027306951781268962,-0.08763046716392858,0.026255338136828787,-0.07763609059279458,False
44,2022,start_year,2022-01-03,2025-12-31,0.08022142745194993,0.10326331013720336,0.2385724589082684,0.328172765439246,-0.1460422227098711,54,1624.8289949222135,0.8347324907774926,0.10338179309763817,0.3699860458772896,-0.1646593406030692,0.09303039288603143,0.35712681596310825,-0.1195079805460465,-0.02316036564568824,-0.13141358696902122,0.018617117893198087,-0.11855435705483985,False
45,2023,start_year,2023-01-02,2025-12-31,0.09461392129070711,0.10123778950331509,0.3759572539926359,0.5191044290256103,-0.14604222270987133,40,1238.55260545273,0.8899739768651963,0.12800996178419521,0.5889270408352414,-0.1576667830374079,0.11179971468458993,0.5721624564483337,-0.12029322428567346,-0.0333960404934881,-0.21296978684260548,0.01162456032753656,-0.19620520245569784,False
46,2024,start_year,2024-01-02,2025-12-31,0.05637383450799294,0.10497204298311111,0.01862065847422121,0.02525903000341136,-0.14604222270987144,32,897.7261396185688,0.8569693740671489,0.09785559898878726,0.3404949627767556,-0.15766678303740833,0.08853194883754134,0.324689857754824,-0.1167169321006758,-0.041481764480794325,-0.3218743043025344,0.011624560327536893,-0.3060691992806028,False
